{
  "o3": {
    "naive_f1": 0.2942271880819367,
    "overthinking_f1": 0.307277628032345,
    "posthoc_f1": 0.3033605812897366,
    "naive_per_class": {
      "SUPPORT": 0.0,
      "CONTRADICT": 0.0,
      "NOINFO": 0.8826815642458101
    },
    "overthinking_per_class": {
      "SUPPORT": 0.0,
      "CONTRADICT": 0.0,
      "NOINFO": 0.921832884097035
    },
    "posthoc_per_class": {
      "SUPPORT": 0.0,
      "CONTRADICT": 0.0,
      "NOINFO": 0.9100817438692098
    }
  },
  "gpt-5": {
    "naive_f1": 0.27906976744186046,
    "overthinking_f1": 0.2857142857142857,
    "posthoc_f1": 0.28895184135977336,
    "naive_per_class": {
      "SUPPORT": 0.0,
      "CONTRADICT": 0.0,
      "NOINFO": 0.8372093023255813
    },
    "overthinking_per_class": {
      "SUPPORT": 0.0,
      "CONTRADICT": 0.0,
      "NOINFO": 0.8571428571428571
    },
    "posthoc_per_class": {
      "SUPPORT": 0.0,
      "CONTRADICT": 0.0,
      "NOINFO": 0.8668555240793201
    }
  }
}