{
  "gpt-5": {
    "naive_classification": {
      "threshold": 0.75,
      "f1": 0.30824372759856633
    },
    "overthinking_classification": {
      "threshold": 0.75,
      "f1": 0.30434782608695654
    },
    "posthoc_classification": {
      "threshold": 0.75,
      "f1": 0.30036630036630035
    },
    "posthoc_refinement": {
      "threshold": 0.7,
      "f1": 0.29213483146067415
    }
  },
  "o3": {
    "naive_classification": {
      "threshold": 0.75,
      "f1": 0.3120567375886525
    },
    "overthinking_classification": {
      "threshold": 0.65,
      "f1": 0.30824372759856633
    },
    "posthoc_classification": {
      "threshold": 0.75,
      "f1": 0.3120567375886525
    },
    "posthoc_refinement": {
      "threshold": 0.7,
      "f1": 0.30036630036630035
    }
  }
}